{
"Profiles": [
{
  "Ansi 5 Color" : {
    "Red Component" : 0.61568627450979996,
    "Color Space" : "sRGB",
    "Blue Component" : 0.83921568627451004,
    "Green Component" : 0.47450980392156999
  },
  "Use Selected Text Color" : true,
  "Tags" : [

  ],
  "Ansi 12 Color" : {
    "Red Component" : 0.52549019607842995,
    "Color Space" : "sRGB",
    "Blue Component" : 0.86274509803921995,
    "Green Component" : 0.67058823529412004
  },
  "Draw Powerline Glyphs" : false,
  "Bold Color" : {
    "Red Component" : 0.80392156862745001,
    "Color Space" : "sRGB",
    "Blue Component" : 0.81176470588234995,
    "Green Component" : 0.80784313725489998
  },
  "Has Hotkey" : false,
  "Ansi 7 Color" : {
    "Red Component" : 0.87450980392156996,
    "Color Space" : "sRGB",
    "Blue Component" : 0.87843137254902004,
    "Green Component" : 0.87450980392156996
  },
  "Ansi 8 Color" : {
    "Red Component" : 0.34117647058824002,
    "Color Space" : "sRGB",
    "Blue Component" : 0.37647058823529,
    "Green Component" : 0.34509803921568999
  },
  "Rows" : 25,
  "Default Bookmark" : "No",
  "Ansi 9 Color" : {
    "Red Component" : 0.81960784313724999,
    "Color Space" : "sRGB",
    "Blue Component" : 0.51372549019608005,
    "Green Component" : 0.41176470588234998
  },
  "Custom Directory" : "Recycle",
  "Ansi 4 Color" : {
    "Red Component" : 0.44313725490195999,
    "Color Space" : "sRGB",
    "Blue Component" : 0.83921568627451004,
    "Green Component" : 0.61176470588234999
  },
  "Cursor Guide Color" : {
    "Red Component" : 0.70214027166366577,
    "Color Space" : "sRGB",
    "Blue Component" : 1,
    "Alpha Component" : 0.25,
    "Green Component" : 0.92681378126144409
  },
  "Non-ASCII Anti Aliased" : true,
  "Use Bright Bold" : true,
  "Ansi 10 Color" : {
    "Red Component" : 0.55686274509804001,
    "Color Space" : "sRGB",
    "Blue Component" : 0.64313725490196005,
    "Green Component" : 0.72941176470587998
  },
  "Ambiguous Double Width" : false,
  "Jobs to Ignore" : [
    "rlogin",
    "ssh",
    "slogin",
    "telnet"
  ],
  "Ansi 15 Color" : {
    "Red Component" : 0.89411764705882002,
    "Color Space" : "sRGB",
    "Blue Component" : 0.89803921568626999,
    "Green Component" : 0.89411764705882002
  },
  "Foreground Color" : {
    "Red Component" : 0.80392156862745001,
    "Color Space" : "sRGB",
    "Blue Component" : 0.81176470588234995,
    "Green Component" : 0.80784313725489998
  },
  "Bound Hosts" : [

  ],
  "Working Directory" : "\/Users\/philsergi",
  "Blinking Cursor" : false,
  "Disable Window Resizing" : true,
  "Sync Title" : false,
  "Prompt Before Closing 2" : false,
  "BM Growl" : true,
  "Mouse Reporting" : true,
  "Command" : "",
  "Description" : "Default",
  "Screen" : -1,
  "Selection Color" : {
    "Red Component" : 0.16862745098039,
    "Color Space" : "sRGB",
    "Blue Component" : 0.31764705882353,
    "Green Component" : 0.23137254901960999
  },
  "Columns" : 80,
  "Idle Code" : 0,
  "Ansi 13 Color" : {
    "Red Component" : 0.72941176470587998,
    "Color Space" : "sRGB",
    "Blue Component" : 0.88627450980391997,
    "Green Component" : 0.63137254901961004
  },
  "Brighten Bold Text" : true,
  "Custom Command" : "No",
  "ASCII Anti Aliased" : true,
  "Non Ascii Font" : "Monaco 12",
  "Vertical Spacing" : 1,
  "Use Bold Font" : true,
  "Option Key Sends" : 0,
  "Selected Text Color" : {
    "Red Component" : 0.80392156862745001,
    "Color Space" : "sRGB",
    "Blue Component" : 0.81176470588234995,
    "Green Component" : 0.80784313725489998
  },
  "Background Color" : {
    "Red Component" : 0.098039215686274994,
    "Color Space" : "sRGB",
    "Blue Component" : 0.18823529411765,
    "Green Component" : 0.13725490196078
  },
  "Character Encoding" : 4,
  "Ansi 11 Color" : {
    "Red Component" : 0.87843137254902004,
    "Color Space" : "sRGB",
    "Blue Component" : 0.53725490196077996,
    "Green Component" : 0.78823529411765003
  },
  "Thin Strokes" : 4,
  "Use Italic Font" : true,
  "Unlimited Scrollback" : false,
  "Keyboard Map" : {
    "f703-0x300000" : {
      "Text" : "0x5",
      "Action" : 11
    },
    "f702-0x280000" : {
      "Text" : "b",
      "Action" : 10
    },
    "f703-0x280000" : {
      "Text" : "f",
      "Action" : 10
    },
    "0x70-0x100000-0x23" : {
      "Version" : 2,
      "Apply Mode" : 0,
      "Action" : 38,
      "Text" : "\\<C-p>",
      "Escaping" : 2
    },
    "0x6c-0x100000-0x25" : {
      "Version" : 2,
      "Apply Mode" : 0,
      "Action" : 38,
      "Text" : "\\<C-l>",
      "Escaping" : 2
    },
    "f728-0x80000" : {
      "Text" : "d",
      "Action" : 10
    },
    "f702-0x300000" : {
      "Text" : "0x1",
      "Action" : 11
    },
    "f728-0x0" : {
      "Text" : "0x4",
      "Action" : 11
    },
    "0x7f-0x80000" : {
      "Text" : "\"0x1b 0x7f\"",
      "Action" : 11
    },
    "0x7f-0x100000" : {
      "Text" : "0x15",
      "Action" : 11
    }
  },
  "Window Type" : 0,
  "Blink Allowed" : false,
  "Cursor Type" : 2,
  "Background Image Location" : "",
  "Blur" : false,
  "Badge Color" : {
    "Red Component" : 1,
    "Color Space" : "sRGB",
    "Blue Component" : 0,
    "Alpha Component" : 0.5,
    "Green Component" : 0.14910027384757996
  },
  "Scrollback Lines" : 1000,
  "Send Code When Idle" : false,
  "Close Sessions On End" : true,
  "Terminal Type" : "xterm-256color",
  "Visual Bell" : true,
  "Flashing Bell" : false,
  "Silence Bell" : false,
  "Ansi 14 Color" : {
    "Red Component" : 0.47843137254902002,
    "Color Space" : "sRGB",
    "Blue Component" : 0.83921568627451004,
    "Green Component" : 0.83529411764705996
  },
  "ASCII Ligatures" : true,
  "Name" : "Dev",
  "Cursor Text Color" : {
    "Red Component" : 0.098039215686274994,
    "Color Space" : "sRGB",
    "Blue Component" : 0.18823529411765,
    "Green Component" : 0.13725490196078
  },
  "Shortcut" : "",
  "Cursor Color" : {
    "Red Component" : 0.80392156862745001,
    "Color Space" : "sRGB",
    "Blue Component" : 0.81176470588234995,
    "Green Component" : 0.80784313725489998
  },
  "Transparency" : 0,
  "Ansi 1 Color" : {
    "Red Component" : 0.78823529411765003,
    "Color Space" : "sRGB",
    "Blue Component" : 0.42745098039216001,
    "Green Component" : 0.30980392156863001
  },
  "Horizontal Spacing" : 1,
  "Link Color" : {
    "Red Component" : 0,
    "Color Space" : "sRGB",
    "Blue Component" : 0.73422706127166748,
    "Alpha Component" : 1,
    "Green Component" : 0.35915297269821167
  },
  "Guid" : "6F5D68B4-00E5-4B1E-9A3F-E77798EF1561",
  "Right Option Key Sends" : 0,
  "Use Non-ASCII Font" : false,
  "Ansi 6 Color" : {
    "Red Component" : 0.38823529411765001,
    "Color Space" : "sRGB",
    "Blue Component" : 0.81176470588234995,
    "Green Component" : 0.80392156862745001
  },
  "Normal Font" : "JetBrainsMonoNFM-Regular 12",
  "Ansi 0 Color" : {
    "Red Component" : 0.22352941176471,
    "Color Space" : "sRGB",
    "Blue Component" : 0.26666666666666999,
    "Green Component" : 0.23137254901960999
  },
  "Ansi 3 Color" : {
    "Red Component" : 0.85882352941175999,
    "Color Space" : "sRGB",
    "Blue Component" : 0.45490196078431,
    "Green Component" : 0.75294117647059
  },
  "Ansi 2 Color" : {
    "Red Component" : 0.50588235294118,
    "Color Space" : "sRGB",
    "Blue Component" : 0.60392156862744995,
    "Green Component" : 0.69803921568627003
  }
}
]
}
